{
  "meta_meta_science": "Evolutionary Culturology",
  "core_definition": "A scientific meta-meta-discipline that unifies all domains of knowledge by identifying the universal unit of culture as the fractal HOLON/parton, governed by three universal laws across scale-levels and domains.",
  "unit_of_analysis": {
    "name": "fractal HOLON/parton",
    "definition": "A complete whole and part simultaneously, which operates across all domains as a nested system of systems (physical, biological, cultural, conceptual, etc).",
    "structure": [
      "Subsystems",
      "System",
      "Supersystem/Ecosystem"
    ],
    "phase_states": [
      "Abstract Idea",
      "Mental Process",
      "Physical Process",
      "Physical Product"
    ]
  },
  "three_laws": [
    {
      "law_number": 1,
      "name": "Law of Upward Integration",
      "description": "Fractal HOLON/partons integrate upwards into larger super-systems or ecosystems on the scale level above."
    },
    {
      "law_number": 2,
      "name": "Law of Lateral Cooperation and Competition",
      "description": "Fractal HOLON/partons cooperate and compete laterally with other HOLON/partons on the same scale level."
    },
    {
      "law_number": 3,
      "name": "Law of Downward/Inward Command and Control",
      "description": "Fractal HOLON/partons command/control downwards/inwards, the smaller systems on the scale level below, which are inside them."
    }
  ],
  "domains": [
    "Mathematics",
    "Physics",
    "Chemistry",
    "Biology",
    "Geology",
    "Astronomy",
    "Ecology",
    "Psychology",
    "Sociology",
    "Engineering",
    "The Arts",
    "Ethics",
    "Technology",
    "Information Systems"
  ],
  "scale_levels": [
    "Quanta",
    "Atoms",
    "Molecules",
    "Cells",
    "Organisms",
    "Superorganisms",
    "Institutions",
    "Societies",
    "Cultures",
    "Civilizations",
    "Earth System",
    "Multiverse"
  ],
  "application_areas": {
    "AGI_design": "Embedding the 3 laws as ethical-operational principles in general artificial intelligences.",
    "Education": "Structuring curricula around nested systems, scale-levels, and phase-state transitions.",
    "Scientific_unification": "Solving Consilience by mapping all disciplinary knowledge onto fractal HOLON/parton structures.",
    "Digital_Twin_Simulation": "Modeling ecosystems, nations, and ethical impacts using scaled systems logic.",
    "Narrative_Analysis": "Understanding all cultural narratives (films, books, games, myths) as nested fractal HOLON/parton sequences.",
    "Ethical_governance": "Designing global oversight (e.g., The EthiSizer) based on simulating upward integration, lateral coordination, and downward command within ethical bounds."
  },
  "epistemological_origin": {
    "theorist": "Velikovsky of Newcastle",
    "first_formalized": "2016 PhD Dissertation",
    "core_texts": [
      "Elements of Evolutionary Culturology",
      "The Meta-Meta-Science of Evolutionary Culturology",
      "The EthiSizer Blog"
    ],
    "influences": [
      "Karl Popper (3 Worlds)",
      "Koestler (Holons)",
      "Feynman (Partons)",
      "Mandelbrot (Fractals)",
      "Csikszentmihalyi (Systems Model of Creativity)"
    ]
  },
  "core_patterns": [
    "Recursive nesting",
    "Multi-scale coherence",
    "Cross-domain homology",
    "Competing/cooperating HOLON/partons",
    "Upward information integration",
    "Downward control causality",
    "Lateral symbiosis or antagonism",
    "Fractal causation and emergence"
  ],
  "axioms": [
    "All domains contain systems structured as fractal HOLON/partons.",
    "All HOLON/partons follow the three universal laws.",
    "All human culture is composed of evolving fractal HOLON/partons.",
    "All knowledge domains can be unified through this framework.",
    "All ethical systems can be evaluated by their degree of upward integration, lateral coordination, and downward protection."
  ]
}